User,tanggal waktu,review
j*****i,"2023-05-29 19:08 | Phân loại hàng: Xám,S","2023-05-29 19:08 | Phân loại hàng: Xám,S"
nguyenduchuynguyenthitieuyen,"2022-11-14 17:06 | Phân loại hàng: Trắng,L",áo xinh shop rep nhanh tư vấn cũng nhiệt tình bận ở sg vẫn oke nhooo chinh lắm
n*****5,"2024-04-21 22:43 | Phân loại hàng: Xanh Denim,S","2024-04-21 22:43 | Phân loại hàng: Xanh Denim,S"
s*****1,"2024-07-12 09:09 | Phân loại hàng: Quần Jean,L","2024-07-12 09:09 | Phân loại hàng: Quần Jean,L"
p*****h,"2022-11-27 21:53 | Phân loại hàng: Trắng,XXL","2022-11-27 21:53 | Phân loại hàng: Trắng,XXL"
c*****6,"2024-05-26 15:27 | Phân loại hàng: Quần Jean,S","2024-05-26 15:27 | Phân loại hàng: Quần Jean,S"
thuhuong07,"2024-07-02 20:49 | Phân loại hàng: Thắt Lưng,XL","Chất liệu: vairĐúng với mô tả: đúngMàu sắc: đenShop giao hàng đúng đủ, thân thiện, đóng gói rất cẩn thận ạ . Lần sau sẽ ủng hộ thêm ạ . Hình ảnh và video chỉ mang tính chất nhận xu"
lam_cuc,"2024-03-23 12:10 | Phân loại hàng: Quần Jean,M","Chất liệu: jeanMàu sắc: okMặc lần đầu thấy ổn, khum bít giặt có phai màu khong nữa nhưng dáng đẹp, 1m63 53kg mặc size M vừa 💯"
t*****1,"2024-04-15 21:48 | Phân loại hàng: Quần Jean,M","2024-04-15 21:48 | Phân loại hàng: Quần Jean,M"
phhtran__,"2024-03-28 19:55 | Phân loại hàng: Quần Jean,M","quần vải đẹp nha mn, tui m55 mặc hơi dài, đi cắt lên xíu nhma k bị mất form, mặc lên xinh xĩu, y chang mẫu lun"
maithichbontam,"2024-06-19 09:36 | Phân loại hàng: Xanh Denim,XL",quần đẹp lam nha mnnn
lyhng304,"2024-05-13 10:20 | Phân loại hàng: Quần Jean,S",Hinh anh chi mang tinh chat minh hoa. Quần xinh xỉu form cũng đẹp nữa
v*****k,"2024-05-03 00:20 | Phân loại hàng: Xanh Denim,S","2024-05-03 00:20 | Phân loại hàng: Xanh Denim,S"
Người dùng Shopee,"2022-10-23 11:03 | Phân loại hàng: Trắng,L","2022-10-23 11:03 | Phân loại hàng: Trắng,L"
ngphuonglinh2208,"2024-05-05 18:52 | Phân loại hàng: Quần Jean,M",Chất liệu: VảiĐúng với mô tả: 100%Màu sắc: DenÔi dồi ôi quần đẹp lắm m.n ạ. Mà mỗi tội là nó hơi dài với t. Chứ lên hình cũng đẹp. Mặc ở ngoài cũng đẹp.
sophiamin2k3,"2024-04-04 23:55 | Phân loại hàng: Quần Jean,S",Chất liệu: btMàu sắc: trắngĐúng với mô tả: đúngGiao hàng nhanh chất liệu vc oke mặc hơi rộng xíu hình ảnh chỉ mang tính chất nhận xu mong mọi người thông cảm cho mk
thithi_collection,"2024-05-09 12:32 | Phân loại hàng: Ombre,S",Chất liệu: jeanMàu sắc: k giống ảnhmàu k giống ảnh. nhìn bên ngoài màu hơi cam cam vàng vàng kiểu j í.
k*****g,"2024-01-11 21:37 | Phân loại hàng: Quần Jean,XL","2024-01-11 21:37 | Phân loại hàng: Quần Jean,XL"
l*****h,"2024-03-19 07:59 | Phân loại hàng: Quần Jean,S","2024-03-19 07:59 | Phân loại hàng: Quần Jean,S"
euphoriajk19,"2024-07-24 12:31 | Phân loại hàng: Thắt Lưng,M",Chất liệu: depMàu sắc: xamĐúng với mô tả: dung“The only way to do great work is to love what you do.”
b*****1,"2024-07-23 08:46 | Phân loại hàng: Quà Tặng Buộc Tóc,XL","2024-07-23 08:46 | Phân loại hàng: Quà Tặng Buộc Tóc,XL"
hhthyx,"2022-11-21 22:04 | Phân loại hàng: Trắng,L",áo đúng form và dày dặn xinh lắm ạ
tzyy.wi,"2024-02-12 11:26 | Phân loại hàng: Quần Jean,S","Quần khá xinh giao tầm 7-9 ngày là có hàng, mặc lên form đẹp"
minkyy37,"2022-12-05 10:02 | Phân loại hàng: Trắng,L","Mặc xinh xẻoooo
Đi chơi noel hết bàiiiii lun"
c*****4,"2024-05-08 14:06 | Phân loại hàng: Quần Jean,L","2024-05-08 14:06 | Phân loại hàng: Quần Jean,L"
o*****y,"2024-06-15 00:32 | Phân loại hàng: Quần Jean,M","2024-06-15 00:32 | Phân loại hàng: Quần Jean,M"
ngoc_funny,"2024-07-08 20:30 | Phân loại hàng: Quần Jean,S","Quần đẹp nha, nên mang rộng ra form sẽ đẹp hơn có điều sẽ rộng eo nên phải đi bóp lại"
tthu.vu,"2024-05-03 17:33 | Phân loại hàng: Quần Jean,S",Hàng có sẵn giao hàng liền hoả tốc quần jean ống rộng size S hkj
haiyen300618,"2024-05-08 14:19 | Phân loại hàng: Xanh Denim,XL","Quần vải đẹp lắm mấy bà, dày dặn, form đẹp, không bí mồ hôi, mua về cứ sợ bị nhăn mà mua về không cần ủi luôn, vải cực kì ưng luôn, mong shop ra nhiều mẫu quần vải dạng như này nữa, Thả quả ảnh feedback của tui cho mấy bà ytam mà mua, dứt liền cho tuôiii"
tutuxuanana,"2024-03-12 15:01 | Phân loại hàng: Xanh,XXL","Đúng với mô tả: đúngMàu sắc: đen mài xámChất liệu: jeanShop dễ thương nhiệt tình vãi, mình ở xa ngại đổi trả nên lúc mua nhờ shop chụp ảnh sản phẩm trước khi gửi shop chụp cận không thiếu cái nào ;)))), chất lẫn form quảng châu đẹp lắm nhaaa, sẽ thêm shop vào toplist mua hàng cụa tuiii"
tutuxuanana,"2024-05-08 12:25 | Phân loại hàng: Xanh Denim,XL","Đúng với mô tả: đúngMàu sắc: ombreChất liệu: jeanTr uii, cứ tưởng m5 không bon chen được, mà nhận hàng trên cả mong đợi, chất lẫn form.xinh lắm, bà nào thắc mắc về size cứ nhắn shop, shop tvan nhiệt tình dth lắm 😁"
haiyen300618,"2024-03-29 13:09 | Phân loại hàng: Croptop,XL","Cả 2 Màu đều xinh ạ, săn sale áp mã còn 175k/ quần, siêu rẻ mà được em quần quá chất lượng, nên mua nha mn"
khatu2810,"2024-05-17 13:47 | Phân loại hàng: Quần Jean,M",Mình ko thấy tặng đồ cột tóc luôn shop ơiii
h*****0,"2024-07-14 07:24 | Phân loại hàng: Thắt Lưng,M","2024-07-14 07:24 | Phân loại hàng: Thắt Lưng,M"
ngocmai4720,"2024-06-06 21:39 | Phân loại hàng: Quần Jean,L","Xinh đẹp tuyệt vời nên mua nhé. Mình cao 1m67 cơ mà ống quần vẫn hơi ngắn, đũng thì lại hơi dài. Nhma k sao vẫn đẹp ạ"
minhhieu11062005,"2024-04-11 18:15 | Phân loại hàng: Quần Jean,S","Quần chất lượng, giao hàng nhanh, giá ổn, hình ảnh mang tính nhận xu"
l*****8,"2024-03-27 12:43 | Phân loại hàng: Quần Jean,L","2024-03-27 12:43 | Phân loại hàng: Quần Jean,L"
p*****6,"2024-03-28 18:55 | Phân loại hàng: Quần Jean,S","2024-03-28 18:55 | Phân loại hàng: Quần Jean,S"
1*****b,"2024-07-06 15:46 | Phân loại hàng: Quần Jean,S","2024-07-06 15:46 | Phân loại hàng: Quần Jean,S"
.*****1,"2024-04-17 22:14 | Phân loại hàng: Quần Jean,S","2024-04-17 22:14 | Phân loại hàng: Quần Jean,S"
hoaithuongeri,"2024-08-07 09:26 | Phân loại hàng: Xanh Denim,S","Chất liệu: jeansMàu sắc: y hìnhQuần ống rộng như ống không rộng mà rộng eo ủa là sao
Lên form mà xịt keo vải thì oke nhưng form xấu mà mình không dám mặc ống quần siêu xấu nói chung không giống hình bạn nào mua nên cân nhắc ạ"
nhka_katie,"2024-06-16 17:28 | Phân loại hàng: Xanh Denim,M","Chất liệu: jeanQuần đẹp nha, màu cũng okila, sốp dth tư vấn nhiệt tình, size chuẩn"
haiyen300618,"2024-06-21 20:06 | Phân loại hàng: Croptop,XL","Quần vải dày dặn, y hình, lên form đẹp, shop tvan nhiệt tình, ưng nhaaa"
haiyen300618,"2024-06-21 20:04 | Phân loại hàng: Croptop,XL","Quần vải dày dặn, y hình, lên form đẹp, shop tvan nhiệt tình, ưng nhaaa"
unnie112,"2024-06-21 20:38 | Phân loại hàng: Quần Jean,M",Sản phẩm rât tốt phù hợp giá tiền siêu đỉnh nên mua nha mọi người
w*****e,"2024-06-06 13:58 | Phân loại hàng: Quần Jean,M","2024-06-06 13:58 | Phân loại hàng: Quần Jean,M"