User,rating,date,review
uadn7d83o9,5 Sao (20),"2024-07-30 15:25 | Phân loại hàng: - NÂU PENNY,L(59-68kg,1m63-1m72)","uadn7d83o92024-07-30 15:25 | Phân loại hàng: - NÂU PENNY,L(59-68kg,1m63-1m72)Mẫu mới đẹp chất lượng so với giá cả OK lắm nhooooooooooooooooooooooooooooooooooooooooiiphản hồi của Người BánCảm ơn những phản hồi đầy dễ thương của uadn7d83o9 ạ! Những đánh giá của bạn là động lực để Cloudzy cải thiện và phục vụ khách hàng tốt hơn nữa. Cloudzy mong sẽ được phục vụ bạn trong các đơn hàng tiếp theo. 🎁Thân tặng bạn món quà ở sản phẩm tiếp theo ạ🎁hữu ích?báo cáo"
xuyndng963,5 Sao (20),"2024-08-01 19:39 | Phân loại hàng: - ĐEN,L(59-68kg,1m63-1m72)","xuyndng9632024-08-01 19:39 | Phân loại hàng: - ĐEN,L(59-68kg,1m63-1m72)Tag áo may lệch n ko seophản hồi của Người Bán❤ Cloudzy cảm ơn xuyndng963 đã tin tưởng và sử dụng sản phẩm của shop. Những đánh giá của bạn là động lực để shop cải thiện và phục vụ khách hàng tốt hơn nữa. Cloudzy mong sẽ được phục vụ bạn trong các đơn hàng tiếp theo. Shop kính chúc quý khách hàng nhiều sức khỏe và niềm vui😘. 🎁Thân tặng bạn món quà ở sản phẩm tiếp theo ạ🎁1báo cáo"
trucquynhtrinhmai,5 Sao (20),"2024-08-11 21:06 | Phân loại hàng: - HỒNG PASTEL,XL(69-85kg,1m72-1m85","trucquynhtrinhmai2024-08-11 21:06 | Phân loại hàng: - HỒNG PASTEL,XL(69-85kg,1m72-1m85Áo vải đẹp, hình in dễ thương ko bik có nhanh tróc khi giặt máy hay ko để giặt rồi rì viu tiếp. Sẽ ủng hộ shop tiếp 0:05 phản hồi của Người Bán❤ Cloudzy cảm ơn trucquynhtrinhmai đã tin tưởng và sử dụng sản phẩm của shop. Những đánh giá của bạn là động lực để shop cải thiện và phục vụ khách hàng tốt hơn nữa. Cloudzy mong sẽ được phục vụ bạn trong các đơn hàng tiếp theo. Shop kính chúc quý khách hàng nhiều sức khỏe và niềm vui😘. 🎁Thân tặng bạn món quà ở sản phẩm tiếp theo ạ🎁hữu ích?báo cáo"
ezsz0sayvz,5 Sao (20),"2024-08-12 10:13 | Phân loại hàng: - BE,L(59-68kg,1m63-1m72)","ezsz0sayvz2024-08-12 10:13 | Phân loại hàng: - BE,L(59-68kg,1m63-1m72)Màu sắc: beChất liệu: không biết nữaĐúng với mô tả: đúngáo đẹp lắm nha không mỏng mà cũng không quá dày mình 1m62 48kg size L mặc hơi rộng xíu 0:10  phản hồi của Người Bán♥️ Cloudzy rất vui khi mang lại sự hài lòng cho quý khách hàng. Cảm ơn ezsz0sayvz đã tin tưởng mua hàng tại shop. Hy vọng được phục vụ bạn trong những đơn hàng tiếp theo ạ. Chúc bạn và gia đình nhiều niềm vui và sức khoẻ ạ. 😘 🎁Thân tặng bạn món quà ở sản phẩm tiếp theo ạ🎁1báo cáo"
thtrnh447,5 Sao (20),"2024-08-04 12:56 | Phân loại hàng: - ĐEN,M(40-58kg,1m40-1m62)","thtrnh4472024-08-04 12:56 | Phân loại hàng: - ĐEN,M(40-58kg,1m40-1m62)Đúng với mô tả: ✅Chất liệu: cotonMàu sắc: đen[TB] CHỈ 5K, CÓ DATA SIÊU TỐC!
Soạn ST5K gửi 191: Chỉ 5.000đ/ngày có ngay 500MB tốc độ cao sử dụng đến 24h. Gói cước gia hạn hàng ngày. ĐẶC BIỆT: TẶNG THÊM 500MB khi mua lần thứ 2 trong ngày. LH 198 (0đ). 0:35    phản hồi của Người BánCảm ơn những phản hồi đầy dễ thương của thtrnh447 ạ! Những đánh giá của bạn là động lực để Cloudzy cải thiện và phục vụ khách hàng tốt hơn nữa. Cloudzy mong sẽ được phục vụ bạn trong các đơn hàng tiếp theo. 🎁Thân tặng bạn món quà ở sản phẩm tiếp theo ạ🎁hữu ích?báo cáo"
9hyhtl7wm6,5 Sao (20),"2024-08-10 21:23 | Phân loại hàng: - HỒNG PASTEL,XL(69-85kg,1m72-1m85","9hyhtl7wm62024-08-10 21:23 | Phân loại hàng: - HỒNG PASTEL,XL(69-85kg,1m72-1m85Màu sắc: hồng phấnChất liệu: mát nhẹÁo quá đẹp từ hình in đến màu sắc. Săn đc giá quá hời luôn ạ. Giao hàng hơi lâu xíu nhưng ok quá ạ 0:07 phản hồi của Người Bán♥️ Cloudzy rất vui khi mang lại sự hài lòng cho quý khách hàng. Cảm ơn 9hyhtl7wm6 đã tin tưởng mua hàng tại shop. Hy vọng được phục vụ bạn trong những đơn hàng tiếp theo ạ. Chúc bạn và gia đình nhiều niềm vui và sức khoẻ ạ. 😘 🎁Thân tặng bạn món quà ở sản phẩm tiếp theo ạ🎁hữu ích?báo cáo"
phanquoccuo,5 Sao (20),"2024-08-07 22:46 | Phân loại hàng: - ĐEN,M(40-58kg,1m40-1m62)","phanquoccuo2024-08-07 22:46 | Phân loại hàng: - ĐEN,M(40-58kg,1m40-1m62)Chất liệu: contton 100%Màu sắc: đen size mĐúng với mô tả: đúng với mô tảLần thứ 14 mua của shop rồi 0:05 phản hồi của Người Bán♥️ Cloudzy rất vui khi mang lại sự hài lòng cho quý khách hàng. Cảm ơn phanquoccuo đã tin tưởng mua hàng tại shop. Hy vọng được phục vụ bạn trong những đơn hàng tiếp theo ạ. Chúc bạn và gia đình nhiều niềm vui và sức khoẻ ạ. 😘 🎁Thân tặng bạn món quà ở sản phẩm tiếp theo ạ🎁hữu ích?báo cáo"
tola_kngann,5 Sao (20),"2024-08-09 02:01 | Phân loại hàng: - ĐEN,L(59-68kg,1m63-1m72)","tola_kngann2024-08-09 02:01 | Phân loại hàng: - ĐEN,L(59-68kg,1m63-1m72)Màu sắc: Đentr oii áo đẹp kinh khủng sẽ ủng hộ shop lại 🥰🥰
hình ảnh mang tính chất nhận xu phản hồi của Người BánCảm ơn những phản hồi đầy dễ thương của tola_kngann ạ! Những đánh giá của bạn là động lực để Cloudzy cải thiện và phục vụ khách hàng tốt hơn nữa. Cloudzy mong sẽ được phục vụ bạn trong các đơn hàng tiếp theo. 🎁Thân tặng bạn món quà ở sản phẩm tiếp theo ạ🎁hữu ích?báo cáo"
5gy3fx00b2,5 Sao (20),"2024-08-08 12:19 | Phân loại hàng: - ĐEN,L(59-68kg,1m63-1m72)","5gy3fx00b22024-08-08 12:19 | Phân loại hàng: - ĐEN,L(59-68kg,1m63-1m72)Quá đẹpphản hồi của Người Bán❤ Cloudzy cảm ơn 5gy3fx00b2 đã tin tưởng và sử dụng sản phẩm của shop. Những đánh giá của bạn là động lực để shop cải thiện và phục vụ khách hàng tốt hơn nữa. Cloudzy mong sẽ được phục vụ bạn trong các đơn hàng tiếp theo. Shop kính chúc quý khách hàng nhiều sức khỏe và niềm vui😘. 🎁Thân tặng bạn món quà ở sản phẩm tiếp theo ạ🎁hữu ích?báo cáo"
thanhhuynhong516,5 Sao (20),"2024-08-04 15:38 | Phân loại hàng: - ĐEN,M(40-58kg,1m40-1m62)","thanhhuynhong5162024-08-04 15:38 | Phân loại hàng: - ĐEN,M(40-58kg,1m40-1m62)Màu sắc: ddenphản hồi của Người Bán❤ Cloudzy cảm ơn thanhhuynhong516 đã tin tưởng và sử dụng sản phẩm của shop. Những đánh giá của bạn là động lực để shop cải thiện và phục vụ khách hàng tốt hơn nữa. Cloudzy mong sẽ được phục vụ bạn trong các đơn hàng tiếp theo. Shop kính chúc quý khách hàng nhiều sức khỏe và niềm vui😘. 🎁Thân tặng bạn món quà ở sản phẩm tiếp theo ạ🎁hữu ích?báo cáo"
minhnguyetfeng2012,5 Sao (20),"2024-08-04 08:24 | Phân loại hàng: - ĐEN,L(59-68kg,1m63-1m72)","minhnguyetfeng20122024-08-04 08:24 | Phân loại hàng: - ĐEN,L(59-68kg,1m63-1m72)phản hồi của Người Bán❤ Cloudzy cảm ơn minhnguyetfeng2012 đã tin tưởng và sử dụng sản phẩm của shop. Những đánh giá của bạn là động lực để shop cải thiện và phục vụ khách hàng tốt hơn nữa. Cloudzy mong sẽ được phục vụ bạn trong các đơn hàng tiếp theo. Shop kính chúc quý khách hàng nhiều sức khỏe và niềm vui😘. 🎁Thân tặng bạn món quà ở sản phẩm tiếp theo ạ🎁hữu ích?báo cáo"
lybinhan7809,5 Sao (20),"2024-08-09 16:44 | Phân loại hàng: - BE,L(59-68kg,1m63-1m72)","lybinhan78092024-08-09 16:44 | Phân loại hàng: - BE,L(59-68kg,1m63-1m72)phản hồi của Người Bán❤ Cloudzy cảm ơn lybinhan7809 đã tin tưởng và sử dụng sản phẩm của shop. Những đánh giá của bạn là động lực để shop cải thiện và phục vụ khách hàng tốt hơn nữa. Cloudzy mong sẽ được phục vụ bạn trong các đơn hàng tiếp theo. Shop kính chúc quý khách hàng nhiều sức khỏe và niềm vui😘. 🎁Thân tặng bạn món quà ở sản phẩm tiếp theo ạ🎁hữu ích?báo cáo"
thinquc597,4 Sao (2),"2024-08-11 14:23 | Phân loại hàng: - BE,XL(69-85kg,1m72-1m85","thinquc5972024-08-11 14:23 | Phân loại hàng: - BE,XL(69-85kg,1m72-1m85Đúng với mô tả: áo ok đẹp nhưng có chỗ hơi bẩn mình cho shop 4sao nhé 🩷Màu sắc: beChất liệu: cotton    phản hồi của Người Bán❤ Cloudzy cảm ơn thinquc597 đã tin tưởng và sử dụng sản phẩm của shop. Những đánh giá của bạn là động lực để shop cải thiện và phục vụ khách hàng tốt hơn nữa. Cloudzy mong sẽ được phục vụ bạn trong các đơn hàng tiếp theo. Shop kính chúc quý khách hàng nhiều sức khỏe và niềm vui😘. 🎁Thân tặng bạn món quà ở sản phẩm tiếp theo ạ🎁hữu ích?báo cáo"
t*****3,4 Sao (2),"2024-08-04 10:56 | Phân loại hàng: - NÂU PENNY,M(40-58kg,1m40-1m62)","t*****32024-08-04 10:56 | Phân loại hàng: - NÂU PENNY,M(40-58kg,1m40-1m62)phản hồi của Người Bán❤ Cloudzy cảm ơn trinhkimkhanh_123 đã tin tưởng và sử dụng sản phẩm của shop. Những đánh giá của bạn là động lực để shop cải thiện và phục vụ khách hàng tốt hơn nữa. Cloudzy mong sẽ được phục vụ bạn trong các đơn hàng tiếp theo. Shop kính chúc quý khách hàng nhiều sức khỏe và niềm vui😘. 🎁Thân tặng bạn món quà ở sản phẩm tiếp theo ạ🎁hữu ích?báo cáo"
inn004,3 Sao (1),"2024-08-09 12:11 | Phân loại hàng: - BE,M(40-58kg,1m40-1m62)","inn0042024-08-09 12:11 | Phân loại hàng: - BE,M(40-58kg,1m40-1m62)Chất liệu: tốtMàu sắc: beHình ảnh mang tính chất nhận xu 0:38 hữu ích?báo cáo"
ngchon500,1 Sao (1),"2024-08-07 11:29 | Phân loại hàng: - TRẮNG,M(40-58kg,1m40-1m62)","ngchon5002024-08-07 11:29 | Phân loại hàng: - TRẮNG,M(40-58kg,1m40-1m62)Màu sắc: bthĐúng với mô tả: saiChất liệu: mỏghữu ích?báo cáo"